{"reward": 8.4, "_timestamp": 1687369861.8690042, "_runtime": 3.7255942821502686, "_step": 1, "_wandb": {"runtime": 2}}