{"reward": 17.266666666666666, "_timestamp": 1687458647.4441166, "_runtime": 2.228588581085205, "_step": 0, "_wandb": {"runtime": 1}}