{"reward": 6.0, "_timestamp": 1687457918.1913092, "_runtime": 2.188303232192993, "_step": 0, "_wandb": {"runtime": 1}}