{"reward": 8.4, "_timestamp": 1687376928.5796366, "_runtime": 4.806826591491699, "_step": 1, "_wandb": {"runtime": 3}}