{"reward": 12.666666666666666, "_timestamp": 1687461683.8089876, "_runtime": 7.078145503997803, "_step": 24}