{"reward": 17.333333333333332, "_timestamp": 1687458429.2212303, "_runtime": 2.5085062980651855, "_step": 0, "_wandb": {"runtime": 1}}