week_number,community_risk,shutdown
0,0.5385177504427153,
1,0.06928385040886254,
2,0.8792769910738801,
3,0.7460671355871006,
4,0.07704435318372427,
5,0.21537422222055735,
6,0.5557277360461175,
7,0.025776723255569678,
8,0.7650962845598375,
9,0.5120144282766729,
10,0.7282402776744693,
11,0.32047095895209976,
12,0.9353488815974759,
13,0.7857153022845971,
14,0.3011853952548884,
