week_number,community_risk,shutdown
0,0.14429503629143492,
1,0.5029086180132694,
2,0.1224571883954847,
3,0.2171759769548095,
4,0.3182787313332438,
5,0.758212749937312,
6,0.8343134957335095,
7,0.8257438172779071,
8,0.393882227416423,
9,0.8926216348454709,
10,0.43784290874340204,
11,0.8304594465073618,
12,0.13100503593069646,
13,0.5163591096484391,
14,0.46838660066265336,
