week_number,community_risk,shutdown
0,0.37748233075140014,
1,0.4724762507561514,
2,0.3800428060482046,
3,0.9678640539240814,
4,0.4691592882930372,
5,0.15617880567339548,
6,0.933119713855978,
7,0.6533782567940278,
8,0.41785326405268997,
9,0.41624756944218255,
10,0.47462940394705544,
11,0.7855337802375733,
12,0.10308435616517542,
13,0.1479469167119204,
14,0.4791404651321146,
