week_number,community_risk,shutdown
0,0.23597385960678074,
1,0.0228266684644145,
2,0.17540310385479563,
3,0.18904323836310066,
4,0.8209255033785466,
5,0.31762749215955766,
6,0.8196382284030479,
7,0.575094428775886,
8,0.9058542989162051,
9,0.33147287095677336,
10,0.7318993082659442,
11,0.08401236559021563,
12,0.19849377157296455,
13,0.8607723878030586,
14,0.8673543045743766,
