week_number,community_risk,shutdown
0,0.9644369510443562,
1,0.06792467030467775,
2,0.3450675376332424,
3,0.30495250335613167,
4,0.4713974435270809,
5,0.9051465195433869,
6,0.4706287298215247,
7,0.5060182767402027,
8,0.8135416486750817,
9,0.42351915621061165,
10,0.23197182763529434,
11,0.03361967243595099,
12,0.72905851537154,
13,0.6021426433605278,
14,0.3999055113128075,
