week_number,community_risk,shutdown
0,0.2555624318369055,
1,0.783031791800562,
2,0.5082723676926483,
3,0.2312720634271327,
4,0.9076567243379979,
5,0.040431471256211715,
6,0.11779486567535336,
7,0.15818006148984987,
8,0.9015312221677478,
9,0.6785749067127729,
10,0.2736978077570025,
11,0.30448543358143687,
12,0.17022117282937288,
13,0.5402469145229786,
14,0.521626770896706,
