week_number,community_risk,shutdown
0,0.5523365799175375,
1,0.19536222298740002,
2,0.49980320374008724,
3,0.19081395932141998,
4,0.6420055427242544,
5,0.7873823744883476,
6,0.04273898388587505,
7,0.8930639398634251,
8,0.01542750069170895,
9,0.05713831425308513,
10,0.5437786256311743,
11,0.28716215900221076,
12,0.9172032824875636,
13,0.17819108760089197,
14,0.8233257489314618,
