week_number,community_risk,shutdown
0,0.6022429426193635,
1,0.40967715204599486,
2,0.4387339260978267,
3,0.9964069325194428,
4,0.028639364516772514,
5,0.03670958049511919,
6,0.31953779573715835,
7,0.043534877083884704,
8,0.758402109625959,
9,0.8314304894413889,
10,0.043083135475144196,
11,0.2210516428827609,
12,0.8981032565187608,
13,0.164679877097608,
14,0.5181605357288759,
