week_number,community_risk,shutdown
0,0.23979833020753893,
1,0.3634052182722217,
2,0.25112671613921866,
3,0.5057522077297248,
4,0.2239441917322671,
5,0.15448627722522168,
6,0.639356974506778,
7,0.6043913818736623,
8,0.3948867076793413,
9,0.8556363637107101,
10,0.5149343435933885,
11,0.8120827961867185,
12,0.26033770476979823,
13,0.9350410658319573,
14,0.006033393884936955,
