week_number,community_risk,shutdown
0,0.6766126839281862,
1,0.1480608802501815,
2,0.30286923649584285,
3,0.8882795994152872,
4,0.10423240766657815,
5,0.7586419563292157,
6,0.8835371750424644,
7,0.3281950189367735,
8,0.7378245117667463,
9,0.40703524199926655,
10,0.932560439897482,
11,0.16662046245352602,
12,0.681747259061344,
13,0.4876826336124832,
14,0.04016674586057534,
