week_number,community_risk,shutdown
0,0.9546404376025638,
1,0.9414603052302121,
2,0.38070789572893526,
3,0.3301725774019293,
4,0.7760128569072909,
5,0.7813906029229419,
6,0.7846414889238812,
7,0.0440754233520535,
8,0.7480613674389442,
9,0.5973898207826547,
10,0.6073040587154306,
11,0.5526830690570034,
12,0.019736373017932407,
13,0.5274268357766023,
14,0.12159229499655166,
