week_number,community_risk,shutdown
0,0.265944171436827,
1,0.7067823956145834,
2,0.1730061465507371,
3,0.5711369941655756,
4,0.984769960767301,
5,0.9899043931644333,
6,0.4432490126263966,
7,0.06297271971658813,
8,0.7183650692960641,
9,0.672708009600854,
10,0.7278809080195744,
11,0.11199474115974706,
12,0.8889048014722608,
13,0.8177505348088308,
14,0.20585294022985723,
