week_number,community_risk,shutdown
0,0.7249692539015014,
1,0.096621361325394,
2,0.7838709288887282,
3,0.7276639629191085,
4,0.021881713908813993,
5,0.2593962356377163,
6,0.2700514199240146,
7,0.0017613105254106198,
8,0.7056974024342527,
9,0.04054624787372996,
10,0.2569199222203079,
11,0.8046287824055947,
12,0.2725688009147388,
13,0.7797711608425382,
14,0.3016384692164654,
