week_number,community_risk,shutdown
0,0.7456804412681262,
1,0.4079995169681967,
2,0.5970612734748328,
3,0.8254667552715762,
4,0.6567834470669248,
5,0.7466883976330523,
6,0.1543415203535643,
7,0.04399708784112444,
8,0.34428395014114843,
9,0.9417578621637075,
10,0.6452289445477641,
11,0.3835654517633422,
12,0.3350909825537064,
13,0.7017304934881248,
14,0.8412646023572282,
