week_number,community_risk,shutdown
0,0.7261744854639399,
1,0.7120260339887461,
2,0.14410334451843787,
3,0.7796858948572536,
4,0.32758662055932597,
5,0.6662007285923496,
6,0.5127925423708659,
7,0.09605327985005807,
8,0.4497258495431563,
9,0.17242272525042746,
10,0.47790932429394906,
11,0.6045663682669715,
12,0.27385687345938625,
13,0.4105912643787377,
14,0.45163835575577804,
