week_number,community_risk,shutdown
0,0.13975900781809159,
1,0.7624163210189495,
2,0.9249115278040894,
3,0.5447042613690094,
4,0.2243423446026923,
5,0.4345987882228022,
6,0.013552582087424825,
7,0.23516987839026016,
8,0.4148142726873403,
9,0.051449913072172615,
10,0.9001892994058551,
11,0.5026823656633836,
12,0.8668652196896748,
13,0.4425913782851677,
14,0.3192015449297858,
