week_number,community_risk,shutdown
0,0.8153563074814911,
1,0.9087229964732587,
2,0.9498600615656064,
3,0.37587508299607886,
4,0.24801597270838538,
5,0.4563823161475439,
6,0.3725625419404206,
7,0.8672304063087921,
8,0.35239988989088866,
9,0.6127399924895207,
10,0.4127895611671256,
11,0.2440455087360307,
12,0.08927343293151813,
13,0.500418460411313,
14,0.005678211187534532,
