week_number,community_risk,shutdown
0,0.23614601700886118,
1,0.332452372616199,
2,0.573484034409531,
3,0.13434426630603968,
4,0.2807385227156214,
5,0.1142643558959543,
6,0.5093205088413248,
7,0.002028876614692976,
8,0.33187477439448243,
9,0.017847631302466027,
10,0.6747988683809155,
11,0.607074124479751,
12,0.16240441202492162,
13,0.030178770675974187,
14,0.17837650022079243,
