week_number,community_risk,shutdown
0,0.31197751977588195,
1,0.48144377438483776,
2,0.8336751834448162,
3,0.5005290978536862,
4,0.7690824662453627,
5,0.27120170451407155,
6,0.8259285656257489,
7,0.8293960556279815,
8,0.9286876334852483,
9,0.7911858497980576,
10,0.21578969504977985,
11,0.5591920313585561,
12,0.9235394707280286,
13,0.5251673283710839,
14,0.8651327727774631,
