week_number,community_risk,shutdown
0,0.0011162502692144693,
1,0.17659435526875655,
2,0.295422449065996,
3,0.6711956224324335,
4,0.2742951181731107,
5,0.9388315660714757,
6,0.8727206615882414,
7,0.8252680292941964,
8,0.11908024043658383,
9,0.12490491191816522,
10,0.10141769840209403,
11,0.6124255261923132,
12,0.7650683860455623,
13,0.372809305238197,
14,0.9985267669129921,
