week_number,community_risk,shutdown
0,0.7071807294797038,
1,0.13197828959279545,
2,0.8190936477557443,
3,0.6712986962455348,
4,0.5334471119428871,
5,0.6187373990128866,
6,0.20237713026378057,
7,0.5678399506135298,
8,0.05286760377664368,
9,0.5522415391911817,
10,0.6956274571992671,
11,0.4080036960233058,
12,0.6079343815916333,
13,0.6569562919943424,
14,0.39420916389513583,
