week_number,community_risk,shutdown
0,0.1498170942517344,
1,0.745271625858177,
2,0.32844762568233377,
3,0.6232981243720109,
4,0.19592484206202543,
5,0.48014966640682566,
6,0.3781862450188115,
7,0.5968033081434805,
8,0.10766938857392794,
9,0.2711201197557068,
10,0.6124564131789672,
11,0.46481518386959486,
12,0.7612187600732062,
13,0.07393874119488442,
14,0.012203426951163165,
