week_number,community_risk,shutdown
0,0.510640099505512,
1,0.9319247963089097,
2,0.8435306262241683,
3,0.5242083519074302,
4,0.9775942989458013,
5,0.8036829572164591,
6,0.5519281157566911,
7,0.8537427683091954,
8,0.573119630260111,
9,0.16024584541478248,
10,0.21976512914845792,
11,0.433285326465634,
12,0.7176785566245741,
13,0.5591831850370051,
14,0.12341608314841823,
