week_number,community_risk,shutdown
0,0.3176969703718031,
1,0.7062901183260466,
2,0.36284062567497544,
3,0.9086656279218907,
4,0.9342985450043158,
5,0.434341922348512,
6,0.21312157772584828,
7,0.5401180296066379,
8,0.4873927275801274,
9,0.1273838797524478,
10,0.7966984392608837,
11,0.9039083420067078,
12,0.012415145026179464,
13,0.974982326362334,
14,0.7194532708043246,
