week_number,community_risk,shutdown
0,0.30069144238320067,
1,0.5293904923325354,
2,0.9670371237153551,
3,0.6441890635336668,
4,0.04072905545394745,
5,0.47110210551897835,
6,0.5964353938781104,
7,0.17785175414285637,
8,0.5283240559899081,
9,0.30460688127959923,
10,0.2266499481497919,
11,0.14704994253132764,
12,0.023960343762929326,
13,0.06836473545341248,
14,0.09641883878758695,