week_number,community_risk,shutdown
0,0.2299013350379372,
1,0.9864830081736167,
2,0.15438177996966973,
3,0.3662147188575873,
4,0.8429318153112834,
5,0.9471307934909869,
6,0.598474817566671,
7,0.8841853391737361,
8,0.5688602340420796,
9,0.3831023663090398,
10,0.16028624223090027,
11,0.39375502289231235,
12,0.341063596085986,
13,0.6913488594829924,
14,0.22919345275955638,
