week_number,community_risk,shutdown
0,0.3674295688277175,0
1,0.4887760122702316,1
2,0.8454743189890609,1
3,0.4868744581241605,0
4,0.5123171951355853,1
5,0.5362027989499326,0
6,0.7586293608585734,1
7,0.7398780220398348,1
8,0.31958602696583516,0
9,0.8543170623257341,1
10,0.13836051896276014,0
11,0.17495463213257445,0
12,0.42895977933192675,0
13,0.18371068584534633,1
14,0.8096416547852093,1
