week_number,community_risk,shutdown
0,0.2699698236466156,
1,0.5245623817311982,
2,0.47944768586305664,
3,0.06692839626886726,
4,0.5170036107605247,
5,0.8132019176608799,
6,0.7123927376410301,
7,0.8867223106786142,
8,0.4925427376198488,
9,0.06963718074308944,
10,0.9536692644755357,
11,0.47037714460434543,
12,0.4204740646275974,
13,0.18474870236505536,
14,0.3959771933788411,
