week_number,community_risk,shutdown
0,0.6162689553691658,
1,0.31009025343935437,
2,0.56778280097474,
3,0.31384980867480017,
4,0.7191559192954161,
5,0.25232514169544396,
6,0.07929063066630515,
7,0.5366904521527482,
8,0.7919608014615562,
9,0.5703997248746303,
10,0.3727305746573423,
11,0.6699990749392555,
12,0.7546060176603536,
13,0.969291866486435,
14,0.44957182839907694,
