week_number,community_risk,shutdown
0,0.0806655766570834,
1,0.6336256836687734,
2,0.07077154083425585,
3,0.41905637529963335,
4,0.8457489683848743,
5,0.9115527020822305,
6,0.7204547536713534,
7,0.23083724479408596,
8,0.7133673711628962,
9,0.08083722754988099,
10,0.7128692618414996,
11,0.6837946243826134,
12,0.46657768771667596,
13,0.961312290476221,
14,0.38513817700004727,
