week_number,community_risk,shutdown
0,0.019064211331642378,
1,0.27395842676243565,
2,0.25057814978408577,
3,0.48311963829910065,
4,0.734581081576564,
5,0.7057383018489806,
6,0.869918102908518,
7,0.8477375344674754,
8,0.5274079224977608,
9,0.8599782192708127,
10,0.23325133611729332,
11,0.6642492661656662,
12,0.43118789889539066,
13,0.33174465546758714,
14,0.06992208671196198,
