week_number,community_risk,shutdown
0,0.34392095606413775,
1,0.7567138055132043,
2,0.5782204562218795,
3,0.28454657185225485,
4,0.5433935297678727,
5,0.7126523257101683,
6,0.5875303488392095,
7,0.6346745973858553,
8,0.27823147112286106,
9,0.016674596734939096,
10,0.024671284764015144,
11,0.7364129920781715,
12,0.3275647836797684,
13,0.9447169129601563,
14,0.3878864781591105,
