week_number,community_risk,shutdown
0,0.1991828516026377,
1,0.30167272323601524,
2,0.8838110143301301,
3,0.8919816325417584,
4,0.7244665324192198,
5,0.345801533397625,
6,0.8586856653028813,
7,0.42982051519637166,
8,0.8193773593839309,
9,0.08730535808934059,
10,0.34664286899254326,
11,0.6930091670528604,
12,0.5492298252036422,
13,0.21133510147501777,
14,0.6141833475245212,
