week_number,community_risk,shutdown
0,0.6943509653983714,
1,0.7166918287870033,
2,0.7051042003559218,
3,0.10651710827965699,
4,0.31772405547125016,
5,0.5797861381553225,
6,0.7185219613186759,
7,0.5561401770318662,
8,0.12372680405644743,
9,0.38707013037179905,
10,0.5709273498687034,
11,0.9100977332663707,
12,0.3411583786908079,
13,0.7055447452052852,
14,0.6306356481922558,
