week_number,community_risk,shutdown
0,0.471372067410488,
1,0.808175574080868,
2,0.9296982005522219,
3,0.18132833065902454,
4,0.21675809899827914,
5,0.0012072276079267974,
6,0.7192218037987996,
7,0.36849086564525935,
8,0.5936292376992562,
9,0.579396374069995,
10,0.4830561903748464,
11,0.6831634743214251,
12,0.7951754589323431,
13,0.0645054108498544,
14,0.8695447295705878,
