week_number,community_risk,shutdown
0,0.9111741270776648,
1,0.12734868978556024,
2,0.9920250698670984,
3,0.7480792516568184,
4,0.524092330873751,
5,0.26920114589598754,
6,0.8533583860277484,
7,0.40936554884600584,
8,0.1883900162161043,
9,0.9135608523792683,
10,0.8820235129210346,
11,0.8759390492636598,
12,0.3822942292818454,
13,0.22852220519426558,
14,0.3270505488032629,
