week_number,community_risk,shutdown
0,0.7537986866648617,
1,0.6776742495032634,
2,0.1796180244080059,
3,0.4349132087289629,
4,0.4028043812795873,
5,0.42958400058037394,
6,0.9356203646047876,
7,0.3680400209406489,
8,0.6132101020137158,
9,0.7437148256948607,
10,0.4861497717942945,
11,0.07243918441927033,
12,0.08211677875327983,
13,0.22393387516109753,
14,0.11271374824834424,
