week_number,community_risk,shutdown
0,0.5300787603869217,
1,0.14515320591478398,
2,0.3454615810046813,
3,0.5238689701644815,
4,0.10447582813687284,
5,0.36515977148382217,
6,0.6471840904744102,
7,0.5896500062971406,
8,0.22800509258116541,
9,0.1324526633983535,
10,0.32314674227149265,
11,0.4201139354439062,
12,0.6691251765824683,
13,0.9588808547409284,
14,0.6547483961015292,
