week_number,community_risk,shutdown
0,0.5341182551763803,
1,0.6261791143221439,
2,0.2807593835404759,
3,0.8190125007722965,
4,0.12092924328379251,
5,0.7237329073067776,
6,0.7831355404751942,
7,0.0672566823729781,
8,0.14284019112776192,
9,0.7468711770855266,
10,0.3177524288833251,
11,0.28543026792239634,
12,0.8637461903463621,
13,0.1482708362542785,
14,0.9886722472641118,
