week_number,community_risk,shutdown
0,0.6183746225423704,
1,0.39784349036669475,
2,0.4464452256480449,
3,0.023176219439758117,
4,0.17580755217088762,
5,0.22377498272545004,
6,0.423136615076978,
7,0.795779789712681,
8,0.4609414366669612,
9,0.15371032970877807,
10,0.2729087726681946,
11,0.6036417528391389,
12,0.9782579265009038,
13,0.5392265542138569,
14,0.7322131041849961,
