week_number,community_risk,shutdown
0,0.0784750941381942,
1,0.6470296353136219,
2,0.7801270422346434,
3,0.6133074573847194,
4,0.5974176919638815,
5,0.3276026562243639,
6,0.11012489934870417,
7,0.21415167561231363,
8,0.4625681051991306,
9,0.2736136166405033,
10,0.6489251396110394,
11,0.7563405642142502,
12,0.04637499602580242,
13,0.9935433622242169,
14,0.1535670306133946,
