week_number,community_risk,shutdown
0,0.003405576143565292,
1,0.06433920698821438,
2,0.15891086729201098,
3,0.5592052670883636,
4,0.2263073332547888,
5,0.2666449050934151,
6,0.8751278042657463,
7,0.8992399031460946,
8,0.28845376866273775,
9,0.0948663104727605,
10,0.876252299187803,
11,0.8949203162733258,
12,0.19653256519082163,
13,0.9492885736903622,
14,0.9624997883350276,
