week_number,community_risk,shutdown
0,0.44714095864707903,
1,0.26421779416012436,
2,0.9143584489128189,
3,0.7802332953574298,
4,0.671623885676049,
5,0.31769169200809677,
6,0.3297845185397962,
7,0.5594677825438846,
8,0.8265070519134657,
9,0.11208404804297645,
10,0.9239022167756777,
11,0.7600175337128384,
12,0.7807581760507055,
13,0.2608770793802244,
14,0.8978218944743149,
