week_number,community_risk,shutdown
0,0.5275205385033076,
1,0.28870249717232255,
2,0.07026678853274304,
3,0.040981581166217085,
4,0.9112708416001988,
5,0.7656546492687394,
6,0.6813126266094042,
7,0.8533187569167493,
8,0.04829035684753413,
9,0.7787967023460213,
10,0.025373248272134497,
11,0.9071070413494744,
12,0.48280227181716295,
13,0.6567792213318098,
14,0.26732940743939815,
