week_number,community_risk,shutdown
0,0.9256489093874849,
1,0.7272699838306799,
2,0.7985039006515849,
3,0.12363417178922176,
4,0.972123350994269,
5,0.6816899711424144,
6,0.670169434862306,
7,0.5026243796593396,
8,0.36213219287851395,
9,0.6598931306496487,
10,0.3099784988235099,
11,0.5716477470903651,
12,0.7768407769272038,
13,0.1810644377943943,
14,0.48116103526098997,
