{"reward": 20.333333333333332, "_timestamp": 1687376211.3826466, "_runtime": 4.305095672607422, "_step": 1, "_wandb": {"runtime": 2}}