{"reward": 8.4, "_timestamp": 1687377289.3260028, "_runtime": 4.543928861618042, "_step": 1, "_wandb": {"runtime": 3}}