{"reward": 20.466666666666665, "_timestamp": 1687547894.9989817, "_runtime": 26.076860666275024, "_step": 99, "_wandb": {"runtime": 25}}