{"reward": 20.333333333333332, "_timestamp": 1687376430.1825306, "_runtime": 4.395777702331543, "_step": 1, "_wandb": {"runtime": 2}}