{"reward": 20.333333333333332, "_timestamp": 1687376956.5355163, "_runtime": 4.731379270553589, "_step": 1, "_wandb": {"runtime": 3}}