{"reward": 5.933333333333334, "_timestamp": 1687458520.8016775, "_runtime": 2.2045884132385254, "_step": 0, "_wandb": {"runtime": 1}}