{"reward": 22.466666666666665, "_timestamp": 1687490492.1925325, "_runtime": 8531.591977596283, "_step": 9999, "_wandb": {"runtime": 8532}}