{"reward": 20.333333333333332, "_timestamp": 1687377426.8312159, "_runtime": 4.902942895889282, "_step": 1, "_wandb": {"runtime": 3}}