{"reward": 23.733333333333334, "_timestamp": 1687461895.7760897, "_runtime": 2.2435646057128906, "_step": 0, "_wandb": {"runtime": 1}}