{"reward": 8.4, "_timestamp": 1687377399.3618727, "_runtime": 4.784525632858276, "_step": 1, "_wandb": {"runtime": 3}}