{"reward": 13.466666666666667, "_timestamp": 1687461879.1814823, "_runtime": 2.42244029045105, "_step": 1}