{"reward": 15.066666666666666, "_timestamp": 1687481757.7861805, "_runtime": 4.074929475784302, "_step": 9, "_wandb": {"runtime": 3}}