{"reward": 9.8, "_timestamp": 1687458681.2481127, "_runtime": 2.215745687484741, "_step": 0, "_wandb": {"runtime": 1}}