{"reward": 17.266666666666666, "_timestamp": 1687458567.9328432, "_runtime": 2.275160312652588, "_step": 0, "_wandb": {"runtime": 1}}