{"reward": 10.933333333333334, "_timestamp": 1687797624.0632849, "_runtime": 4.03058385848999, "_step": 0, "_wandb": {"runtime": 1}}