week_number,community_risk,shutdown
0,0.7668625157983386,1
1,0.8444707513535724,0
2,0.21779938849657854,1
3,0.7993188730117347,0
4,0.7815613762147895,1
