week_number,community_risk,shutdown
0,0.22031465156812002,0
1,0.4943101544484234,0
2,0.702255061428217,1
3,0.7695512582349436,0
4,0.6598221558810362,1
5,0.6601165236823909,0
6,0.48881468212447177,1
7,0.9490292775774662,0
8,0.974881308477667,1
9,0.7013699611298251,1
10,0.8917036010460692,1
11,0.3233743435505736,1
12,0.6605995552233154,1
13,0.36251912792834295,0
14,0.5639889157365322,0
