week_number,community_risk,shutdown
0,0.8973326909799094,1
1,0.778127332107931,0
2,0.7143872038178357,1
3,0.8841051525100909,1
4,0.600285436017915,1
5,0.07040263857901685,0
6,0.4653231202395486,0
7,0.9156951259959589,0
8,0.3626202548960872,0
9,0.33091979860234677,0
10,0.7950658901102682,1
11,0.648876297403489,0
12,0.2159625236497137,0
13,0.47022891688225643,0
14,0.6270832584868086,1
