week_number,community_risk,shutdown
0,0.14831739599920424,1
1,0.544818784369167,0
2,0.4722465911773661,1
3,0.1611207643873066,1
4,0.6409151845315455,1
