week_number,community_risk,shutdown
0,0.16198917458036521,0
1,0.10351754685391823,0
2,0.10364066822615925,1
3,0.6823545724360158,1
4,0.19006350178995912,1
