{"reward": 6.933333333333334, "_timestamp": 1687458251.0682728, "_runtime": 2.2342097759246826, "_step": 0, "_wandb": {"runtime": 1}}