{"reward": 6.0, "_timestamp": 1687457972.7266057, "_runtime": 2.2347657680511475, "_step": 0, "_wandb": {"runtime": 1}}