{"reward": 15.333333333333334, "_timestamp": 1687458385.287423, "_runtime": 2.2486629486083984, "_step": 0, "_wandb": {"runtime": 1}}