{"reward": 20.466666666666665, "_timestamp": 1687548091.3560174, "_runtime": 25.32472038269043, "_step": 99, "_wandb": {"runtime": 24}}