{"reward": 5.933333333333334, "_timestamp": 1687457873.7569563, "_runtime": 2.200002431869507, "_step": 0, "_wandb": {"runtime": 1}}