{"reward": 20.333333333333332, "_timestamp": 1687377320.754405, "_runtime": 4.280365943908691, "_step": 1, "_wandb": {"runtime": 3}}