{"reward": 3.6666666666666665, "_timestamp": 1689269763.6872714, "_runtime": 2.8569562435150146, "_step": 1, "_wandb": {"runtime": 2}}