{"reward": 23.933333333333334, "_timestamp": 1687548525.8767474, "_runtime": 117.35708236694336, "_step": 499, "_wandb": {"runtime": 116}}