{"reward": 22.2, "_timestamp": 1687481937.9771893, "_runtime": 4.337566375732422, "_step": 9, "_wandb": {"runtime": 4}}