{"reward": 20.333333333333332, "_timestamp": 1687548374.1536648, "_runtime": 25.17342185974121, "_step": 99, "_wandb": {"runtime": 24}}