{"reward": 8.4, "_timestamp": 1687375738.7195349, "_runtime": 3.996018886566162, "_step": 1, "_wandb": {"runtime": 2}}