{"reward": 20.333333333333332, "_timestamp": 1687377192.613248, "_runtime": 4.52363920211792, "_step": 1, "_wandb": {"runtime": 3}}