{"reward": 9.733333333333333, "_timestamp": 1689269678.5020251, "_runtime": 3.9276561737060547, "_step": 0, "_wandb": {"runtime": 2}}